id,text_data
1,The quick brown rabbit jumps over the lazy frogs.
2,A fast tan hare leaps above sleepy toads.
3,Artificial intelligence is transforming various industries.
4,AI is having a significant impact on the future of work.
5,The weather today is sunny and warm.
6,It's a beautiful day with clear skies and high temperatures.
7,The old wooden door creaked loudly in the wind.
8,A fluffy white cat slept peacefully on the sunny windowsill.
9,Freshly baked bread filled the kitchen with a warm aroma.
10,The little girl giggled as she chased butterflies in the garden.
11,The sun peeked through the clouds casting a warm glow.
12,A small bird chirped merrily outside the window.
13,The aroma of freshly brewed coffee filled the air.
14,She carefully watered the vibrant flowers in her garden.
15,The children laughed joyfully as they played in the park.
16,A gentle breeze rustled the leaves on the trees.
17,He sat on the park bench reading a captivating novel.
18,The old stone bridge spanned across the flowing river.
19,A delicious slice of chocolate cake was served for dessert.
20,The musician played a soulful melody on his guitar.
21,The busy city streets were filled with honking cars.
22,A group of friends gathered for a lively conversation.
23,The waves crashed against the sandy shore.
24,He enjoyed a peaceful walk along the deserted beach.
25,The mountain peaks were covered in glistening snow.
26,She took breathtaking photos of the stunning landscape.
27,The antique clock chimed softly in the hallway.
28,A warm cup of tea helped her relax after a long day.
29,The artist carefully applied paint to the blank canvas.
30,The chef prepared a gourmet meal with fresh ingredients.
31,The students listened attentively to the professor's lecture.
32,The library was filled with rows and rows of books.
33,He found an interesting article in the morning newspaper.
34,The computer screen displayed lines of complex code.
35,She sent a thoughtful email to her colleague.
36,The train arrived promptly at the station.
37,Passengers boarded the train for their journey.
38,The airplane soared high above the clouds.
39,They enjoyed a smooth and comfortable flight.
40,The customs officer checked their passports carefully.
41,They collected their luggage from the baggage claim.
42,The taxi driver navigated the busy city streets.
43,They arrived at their hotel and checked into their room.
44,The hotel room had a beautiful view of the city.
45,They unpacked their bags and settled in.
46,They went for a walk to explore the neighborhood.
47,They stopped at a local cafe for a quick snack.
48,The waiter served them a delicious pastry.
49,They enjoyed watching the people passing by.
50,They visited a famous landmark in the city.
51,The museum was filled with fascinating artifacts.
52,They learned a lot about the city's history.
53,They took many pictures to capture the memories.
54,They had a delicious dinner at a local restaurant.
55,The food was flavorful and the service was excellent.
56,They returned to their hotel feeling tired but happy.
57,They slept soundly through the night.
58,"The next morning,  they had a hearty breakfast."
59,They planned their activities for the day.
60,They decided to visit a nearby park.
61,The park was lush and green with many trees.
62,They enjoyed a leisurely stroll through the park.
63,They saw squirrels and birds playing in the grass.
64,They found a quiet spot to sit and relax.
65,They talked and laughed for a long time.
66,The afternoon sun was warm on their faces.
67,They bought ice cream from a vendor in the park.
68,The ice cream was cold and refreshing.
69,They watched children playing on the swings.
70,They felt a sense of peace and tranquility.
71,"Later that day, they went shopping for souvenirs."
72,They found some unique and interesting items.
73,They bargained for the best prices.
74,They packed their purchases carefully.
75,"In the evening, they watched a movie at the cinema."
76,The movie was exciting and entertaining.
77,They bought popcorn and drinks to enjoy during the show.
78,They discussed the movie afterwards.
79,"The following day, they prepared to leave the city."
80,They packed their bags and checked out of the hotel.
81,They took a taxi to the airport.
82,They went through security and boarded their plane.
83,The plane took off smoothly into the sky.
84,They looked out the window at the receding city.
85,They enjoyed the in-flight entertainment.
86,The flight attendants served them a meal.
87,They landed safely at their destination.
88,They collected their luggage and headed home.
89,They were happy to be back but cherished their trip.
90,They shared their travel stories with friends and family.
91,The experience created lasting memories.
92,Learning new things is always rewarding.
93,Spending time with loved ones is important.
94,Taking breaks from work can reduce stress.
95,Exploring different cultures broadens your perspective.
96,Trying new foods can be an adventure.
97,Listening to music can lift your spirits.
98,Exercising regularly is good for your health.
99,Getting enough sleep is essential for well-being.
100,Being kind to others makes the world a better place.
